{"model_encoding": {"synthetic_potential_difference_V": {"attr": {"x_data_columns": ["temperature_C", "do_mg_L"], "x_data": [[0.0, 0.0], [0.07142857142857142, 0.5], [0.21428571428571427, 0.25], [0.2857142857142857, 0.75], [0.42857142857142855, 0.125], [0.5, 0.625], [0.5714285714285714, 0.375], [0.7142857142857143, 0.875], [0.7857142857142857, 0.0625], [0.9285714285714286, 0.5625], [0.21428571428571427, 0.625], [0.2857142857142857, 1.0], [0.35714285714285715, 1.0], [0.6428571428571429, 0.0625], [1.0, 0.0], [0.2857142857142857, 0.9375], [0.5714285714285714, 0.0625], [0.2857142857142857, 0.5625], [0.6428571428571429, 0.0625], [0.2857142857142857, 0.5], [0.35714285714285715, 0.125], [0.6428571428571429, 0.125], [0.5714285714285714, 0.125], [0.35714285714285715, 0.1875], [0.5, 0.125], [0.0, 0.125], [0.0, 0.1875], [0.07142857142857142, 0.125], [0.2857142857142857, 0.0], [0.35714285714285715, 0.0], [1.0, 1.0], [1.0, 0.3125], [0.0, 0.3125], [0.07142857142857142, 0.3125], [0.07142857142857142, 0.25], [0.0, 0.125], [0.21428571428571427, 0.125], [0.07142857142857142, 0.0], [0.2857142857142857, 0.125], [0.14285714285714285, 0.125]], "centres": [[0.0, 0.0], [0.07142857142857142, 0.5], [0.21428571428571427, 0.25], [0.2857142857142857, 0.75], [0.42857142857142855, 0.125], [0.5, 0.625], [0.5714285714285714, 0.375], [0.7142857142857143, 0.875], [0.7857142857142857, 0.0625], [0.9285714285714286, 0.5625], [0.21428571428571427, 0.625], [0.2857142857142857, 1.0], [0.35714285714285715, 1.0], [0.6428571428571429, 0.0625], [1.0, 0.0], [0.2857142857142857, 0.9375], [0.5714285714285714, 0.0625], [0.2857142857142857, 0.5625], [0.6428571428571429, 0.0625], [0.2857142857142857, 0.5], [0.35714285714285715, 0.125], [0.6428571428571429, 0.125], [0.5714285714285714, 0.125], [0.35714285714285715, 0.1875], [0.5, 0.125], [0.0, 0.125], [0.0, 0.1875], [0.07142857142857142, 0.125], [0.2857142857142857, 0.0], [0.35714285714285715, 0.0], [1.0, 1.0], [1.0, 0.3125], [0.0, 0.3125], [0.07142857142857142, 0.3125], [0.07142857142857142, 0.25], [0.0, 0.125], [0.21428571428571427, 0.125], [0.07142857142857142, 0.0], [0.2857142857142857, 0.125], [0.14285714285714285, 0.125]], "basis_function": "cubic", "weights": [[9.171416219229059], [-2.2989158152221343], [14.072410970357584], [0.6875364084439539], [-8.549652867066222], [-2.246544545985855], [7.556005955452301], [-0.2136872795749003], [1.7033270498118114], [-0.9907665952566671], [0.4255977494645222], [-0.38886635764048805], [0.1820955469110359], [4.368604052029909], [-4.9102312332299745], [0.4896447767901817], [9.87649838672408], [-0.8272432579784557], [4.368604052028601], [-2.4435562287884594], [-12.751825537740263], [-11.339568976228726], [-7.5979862509104485], [19.32920822748848], [-5.956424607965948], [-22.627324825042777], [15.71826079960504], [-9.632987795736035], [10.070388690533207], [6.708499532927647], [0.3730605889652564], [4.481916914324207], [4.596112405304538], [1.5810545629838515], [15.647200504959422], [-22.627324825042734], [-10.716398379426877], [17.62601247428779], [-12.866481104789482], [-8.921715584297985]], "sigma": 0.0, "regularization_parameter": 0.002, "rmse": 0.01954940106035018, "R2": 0.991284510512583, "x_data_min": [[25.0, 0.0]], "x_data_max": [[95.0, 8.0]], "y_data_min": [-0.192], "y_data_max": [0.595005]}, "map": {"x_data_columns": "list", "x_data": "numpy", "centres": "numpy", "basis_function": "str", "weights": "numpy", "sigma": "str", "regularization_parameter": "str", "rmse": "str", "R2": "str", "x_data_min": "numpy", "x_data_max": "numpy", "y_data_min": "numpy", "y_data_max": "numpy"}}}, "input_labels": ["temperature_C", "do_mg_L"], "output_labels": ["synthetic_potential_difference_V"], "input_bounds": {"temperature_C": [25, 95], "do_mg_L": [0.0, 8.0]}, "surrogate_type": "rbf"}