{"model_encoding": {"synthetic_potential_difference_V": {"attr": {"x_data_columns": ["temperature_C", "do_mg_L"], "x_data": [[0.0, 0.0], [0.0, 0.5333333333333333], [0.07142857142857142, 0.13333333333333333], [0.07142857142857142, 0.26666666666666666], [0.07142857142857142, 0.8], [0.14285714285714285, 0.4], [0.14285714285714285, 0.6666666666666666], [0.14285714285714285, 0.9333333333333333], [0.21428571428571427, 0.06666666666666667], [0.21428571428571427, 0.6], [0.2857142857142857, 0.2], [0.2857142857142857, 0.3333333333333333], [0.2857142857142857, 0.8666666666666667], [0.35714285714285715, 0.4666666666666667], [0.35714285714285715, 0.7333333333333333], [0.35714285714285715, 1.0], [0.42857142857142855, 0.0], [0.42857142857142855, 0.26666666666666666], [0.42857142857142855, 0.6], [0.5, 0.13333333333333333], [0.5, 0.7333333333333333], [0.5, 0.8666666666666667], [0.5714285714285714, 0.06666666666666667], [0.5714285714285714, 0.4], [0.5714285714285714, 0.9333333333333333], [0.6428571428571429, 0.4], [0.6428571428571429, 0.6666666666666666], [0.6428571428571429, 0.8666666666666667], [0.7142857142857143, 0.2], [0.7142857142857143, 0.7333333333333333], [0.7857142857142857, 0.0], [0.7857142857142857, 0.5333333333333333], [0.7857142857142857, 1.0], [0.8571428571428571, 0.26666666666666666], [0.8571428571428571, 0.5333333333333333], [0.8571428571428571, 0.8], [0.9285714285714286, 0.13333333333333333], [0.9285714285714286, 0.4], [0.9285714285714286, 0.6666666666666666], [1.0, 0.9333333333333333]], "centres": [[0.0, 0.0], [0.0, 0.5333333333333333], [0.07142857142857142, 0.13333333333333333], [0.07142857142857142, 0.26666666666666666], [0.07142857142857142, 0.8], [0.14285714285714285, 0.4], [0.14285714285714285, 0.6666666666666666], [0.14285714285714285, 0.9333333333333333], [0.21428571428571427, 0.06666666666666667], [0.21428571428571427, 0.6], [0.2857142857142857, 0.2], [0.2857142857142857, 0.3333333333333333], [0.2857142857142857, 0.8666666666666667], [0.35714285714285715, 0.4666666666666667], [0.35714285714285715, 0.7333333333333333], [0.35714285714285715, 1.0], [0.42857142857142855, 0.0], [0.42857142857142855, 0.26666666666666666], [0.42857142857142855, 0.6], [0.5, 0.13333333333333333], [0.5, 0.7333333333333333], [0.5, 0.8666666666666667], [0.5714285714285714, 0.06666666666666667], [0.5714285714285714, 0.4], [0.5714285714285714, 0.9333333333333333], [0.6428571428571429, 0.4], [0.6428571428571429, 0.6666666666666666], [0.6428571428571429, 0.8666666666666667], [0.7142857142857143, 0.2], [0.7142857142857143, 0.7333333333333333], [0.7857142857142857, 0.0], [0.7857142857142857, 0.5333333333333333], [0.7857142857142857, 1.0], [0.8571428571428571, 0.26666666666666666], [0.8571428571428571, 0.5333333333333333], [0.8571428571428571, 0.8], [0.9285714285714286, 0.13333333333333333], [0.9285714285714286, 0.4], [0.9285714285714286, 0.6666666666666666], [1.0, 0.9333333333333333]], "basis_function": "cubic", "weights": [[5.65392322347066], [-0.220041690460957], [-19.175619195504837], [5.089836421533736], [-0.26341700977197036], [3.54582050961149], [0.5195894954827782], [-0.4681040846076172], [5.212812499596515], [-0.27238366563044636], [-2.9275520383562252], [3.259834916608196], [0.6635463348880677], [-0.2492226458299287], [-0.17014082100377825], [0.08175728769047641], [6.87173948706324], [3.18324841602147], [-0.8547983995311608], [-12.941503501892395], [-0.24516993539559007], [0.10174666345380246], [2.116960500956326], [1.403165036461579], [0.13260724738937668], [1.1324143564750067], [-0.57831556181225], [0.0661922585314727], [-0.49047177220563576], [-0.2859306565719999], [1.544752066710286], [-0.7440294624612944], [-0.012424262513428097], [3.390676745525523], [-0.30920802514628143], [0.03903994693426105], [-5.559470779016312], [2.3391425669137034], [0.3024555192046705], [0.19107578535004788]], "sigma": 0.0, "regularization_parameter": 0.005, "rmse": 0.021949234816650245, "R2": 0.9860762930640224, "x_data_min": [[25.0, 0.0]], "x_data_max": [[95.0, 7.5]], "y_data_min": [-0.1900714285714285], "y_data_max": [0.595005]}, "map": {"x_data_columns": "list", "x_data": "numpy", "centres": "numpy", "basis_function": "str", "weights": "numpy", "sigma": "str", "regularization_parameter": "str", "rmse": "str", "R2": "str", "x_data_min": "numpy", "x_data_max": "numpy", "y_data_min": "numpy", "y_data_max": "numpy"}}}, "input_labels": ["temperature_C", "do_mg_L"], "output_labels": ["synthetic_potential_difference_V"], "input_bounds": {"temperature_C": [25, 95], "do_mg_L": [0.0, 8.0]}, "surrogate_type": "rbf"}